	name	encoding
0	Enter	"[-0.09878768  0.05458487  0.08599062 -0.01168616  0.00272661 -0.04754343
  0.01676962 -0.08342411  0.08633064 -0.0093459   0.31809747  0.04995999
 -0.16994436 -0.1986364   0.05827582  0.08454093 -0.11559615 -0.07963859
 -0.07269634 -0.09901693 -0.0240379  -0.01583041  0.04003729  0.02528082
 -0.13161016 -0.31011689 -0.04877945 -0.17529717  0.042624   -0.08943211
 -0.0339703   0.02975333 -0.21600334 -0.08519086 -0.02909983  0.07536369
 -0.02880835 -0.08129741  0.17229275  0.03342955 -0.11446836 -0.00154022
 -0.05262559  0.2909213   0.19614208 -0.05831205  0.02729342  0.03210418
  0.06805322 -0.22759005  0.10837917  0.09350292  0.15445863  0.05051927
  0.03182809 -0.17457508  0.0332994   0.00361507 -0.18007535 -0.00063755
  0.0137715  -0.07002137 -0.03692313 -0.04513095  0.2171787   0.13566124
 -0.08234037 -0.08932666  0.10490319 -0.07471265 -0.00164496  0.01410905
 -0.17708592 -0.17501244 -0.26637897  0.18555929  0.35322675  0.17318836
 -0.26627502  0.02225801 -0.16977762  0.01913286  0.07544015  0.02601833
 -0.01058369  0.04543114 -0.10090148  0.01705122  0.10509817 -0.03843457
 -0.11149738  0.16561155 -0.0621786   0.00827121  0.09071389 -0.05048896
 -0.0481072   0.0492696  -0.09777423  0.01435225  0.06939857 -0.13416253
  0.01765848  0.07410312 -0.1920808   0.14528134  0.05005955 -0.01514581
  0.05065783  0.00952871 -0.12354831 -0.05258335  0.13796839 -0.24644376
  0.30547494  0.18166822  0.04411589  0.20456728  0.09010143  0.07773179
 -0.0393075   0.02109833 -0.09993993 -0.04551801  0.05143995  0.02167463
  0.07224323  0.04503388]"
1	Enter	"[-0.11410698  0.01179332  0.09434612 -0.05013198  0.01939477 -0.01801259
  0.00745825 -0.08203995  0.12967676 -0.09169219  0.28874826  0.02099541
 -0.16582401 -0.16209793  0.0426753   0.0864049  -0.13379137 -0.10356347
 -0.04504399 -0.07722219  0.03902403 -0.02475825 -0.0084023   0.03544699
 -0.13335188 -0.36527032 -0.08706576 -0.15135837 -0.00206057 -0.05121613
 -0.00165167  0.04892342 -0.16790627  0.0182349  -0.07331862  0.08311845
 -0.02720765 -0.0739091   0.133167    0.04824749 -0.10233668 -0.04866445
 -0.07233253  0.2376806   0.17305364 -0.03671741  0.06133527 -0.01749428
  0.03672697 -0.21679792  0.04018929  0.11265384  0.1286384   0.04071163
  0.06951076 -0.1643697   0.03002749 -0.01637777 -0.18718101  0.01788606
 -0.04664098 -0.07628127 -0.02786996 -0.04486888  0.23140228  0.13746127
 -0.09470272 -0.09396999  0.13834219 -0.12185101 -0.02386848  0.00647964
 -0.16278423 -0.21538343 -0.27272165  0.11678468  0.34768397  0.16592765
 -0.23906608  0.05049153 -0.1587256  -0.01602587  0.09751911  0.049328
 -0.05171128  0.05467213 -0.11510622  0.01620743  0.13347223 -0.03565758
 -0.07370783  0.18288168 -0.06428073  0.0190752   0.06643012 -0.06999473
 -0.03357574  0.05731552 -0.08363615 -0.00093188  0.03390694 -0.11782283
  0.00330588  0.04378636 -0.18440275  0.12349223  0.03315511 -0.05008666
  0.00923656 -0.00659657 -0.18463276 -0.04919231  0.16396163 -0.25459641
  0.19493669  0.19837689  0.07671335  0.22478586  0.10092895  0.08613989
 -0.0584857  -0.01871203 -0.12436929  0.02252686  0.04456275  0.025159
  0.03117558  0.03260662]"
2	Enter	"[-0.01975889  0.00071596  0.06817708 -0.03691175 -0.02481878 -0.06985855
 -0.0629794   0.0030379   0.09736865 -0.03178083  0.24859975  0.04856873
 -0.18625569 -0.13001712  0.03058024  0.06852638 -0.13930041 -0.05746952
 -0.07792851 -0.06853573  0.03626544  0.04418455  0.04335912 -0.03936341
 -0.17065552 -0.32875249 -0.0855628  -0.16876258  0.00756972 -0.10554437
 -0.00378419  0.02266852 -0.14045148 -0.05055829  0.01005755  0.04245599
 -0.03075372 -0.0784759   0.20356074  0.05961058 -0.13072969  0.00734997
 -0.01869835  0.25680083  0.22467753  0.00735459  0.04200996 -0.0500764
  0.11719882 -0.25246045  0.1395804   0.12675114  0.10171497  0.06210937
  0.1481694  -0.11872244  0.01514282  0.08410924 -0.18196113  0.03887455
 -0.00837285  0.00903256  0.00716669 -0.09784352  0.16849057  0.09222023
 -0.10467984 -0.06448568  0.06218627 -0.1607269  -0.06898564  0.01903759
 -0.1555874  -0.1874717  -0.34188202  0.06402165  0.27072492  0.18115303
 -0.24256442  0.01371661 -0.05132245 -0.04148617  0.12664804  0.03695452
 -0.04630204  0.03815449 -0.06241897  0.00691151  0.17916822 -0.05231697
 -0.07347343  0.17632258 -0.06334075  0.03543328  0.07071511 -0.03268286
 -0.07215635 -0.03222222 -0.12286142  0.01185231  0.05561036 -0.1117753
 -0.01730757  0.08636303 -0.14922288  0.08052539  0.00295034 -0.062754
 -0.01272987 -0.02407741 -0.16263799 -0.04964893  0.18002278 -0.18686263
  0.24133088  0.17680651  0.01976971  0.1497802   0.0981896   0.05016541
 -0.09917121  0.00675838 -0.11318038 -0.02909369  0.02286617  0.06184106
  0.08034609 -0.00145655]"
3	Enter	"[-0.08379534  0.01319409  0.06498788 -0.03344624  0.00350226 -0.06377166
 -0.02539739 -0.06518794  0.15583536 -0.12835996  0.26885718  0.01711345
 -0.11161181 -0.16067651  0.04472661  0.08990932 -0.17910303 -0.05564715
 -0.05342997 -0.04851817  0.0356336   0.02407682  0.02167975  0.00150197
 -0.15305439 -0.38413677 -0.08869224 -0.13595264  0.03786809 -0.06721213
 -0.00962694  0.09024034 -0.18367964 -0.01221809 -0.04466243  0.03522956
 -0.01037614  0.01877412  0.18578041  0.10129517 -0.12337748 -0.04665843
 -0.03644172  0.25793862  0.22569799  0.01449086  0.01723381 -0.0369272
  0.08183255 -0.22768314  0.03984822  0.1037956   0.10642921  0.045189
  0.11305576 -0.16410539 -0.00136209 -0.01711944 -0.20059849  0.06480415
 -0.04523075 -0.06962161 -0.022534   -0.02626863  0.20171912  0.08250483
 -0.08798985 -0.077955    0.09377067 -0.156648    0.0124584   0.0469402
 -0.11360981 -0.22087406 -0.31456977  0.02322159  0.28806081  0.15960361
 -0.21710333  0.02482713 -0.08900809 -0.10560285  0.13509732  0.0633107
 -0.03454526  0.03876023 -0.05694599  0.04255579  0.13815548 -0.03230715
 -0.03783     0.22364028 -0.09588034  0.04270631  0.00514229 -0.05870391
 -0.08119148  0.0301952  -0.08723926 -0.00908407  0.03105518 -0.10503837
  0.01091788  0.04955943 -0.19272377  0.12967806  0.01584356 -0.0446721
 -0.01735691 -0.03467684 -0.17584494 -0.01957746  0.1635507  -0.22353022
  0.2243266   0.19276829  0.00933166  0.20526755  0.07610545  0.03724803
 -0.07454932 -0.00904595 -0.11094309  0.02193865  0.01090583 -0.01764379
  0.06652381 -0.01040996]"
4	Enter	"[-0.11266687  0.01077383  0.03434997 -0.04932181 -0.01141584 -0.0498114
 -0.00496735 -0.05815664  0.19666386 -0.11287974  0.25279823 -0.0078907
 -0.14569463 -0.16159041  0.0443871   0.07523181 -0.18248667 -0.04733155
 -0.06065553 -0.08073211  0.0333612   0.03462499  0.02797901  0.05137889
 -0.21923766 -0.37686262 -0.08490776 -0.15922475  0.02386487 -0.10198695
 -0.01800863  0.12393919 -0.15145332 -0.0288392  -0.04929129  0.07520875
  0.00815172  0.00152165  0.19445901  0.06304806 -0.10933612 -0.0678663
 -0.03513791  0.25721106  0.1965739  -0.0113373   0.01973197 -0.02235268
  0.08993866 -0.20893312  0.02224698  0.11879009  0.05342852  0.04445489
  0.11398566 -0.15540837 -0.01591241  0.0131083  -0.20565218  0.02999847
 -0.04846005 -0.05889018 -0.03847533 -0.03038524  0.19380905  0.08558862
 -0.10650836 -0.05829814  0.11164031 -0.16057605  0.01704622  0.04993308
 -0.11573762 -0.21988013 -0.29811734  0.04311677  0.31910473  0.16429676
 -0.21477441  0.02977554 -0.09503467 -0.11484147  0.1274728   0.05411325
 -0.05476189  0.06257185 -0.05929165  0.07507414  0.11851209  0.01676622
 -0.03121482  0.22100702 -0.04730656  0.04792917  0.05082718 -0.03172199
 -0.0960766   0.01083438 -0.09059795  0.02970238  0.0739988  -0.11109843
  0.0085534   0.04989933 -0.16229005  0.16040498  0.04287979 -0.06252745
 -0.03357977 -0.01860565 -0.17843597 -0.0150866   0.18732868 -0.24836445
  0.16873424  0.16103549  0.00657874  0.2330104   0.06115611  0.05171479
 -0.08009089 -0.00126388 -0.10378954  0.00638115  0.03909884 -0.03027442
  0.08700722 -0.01020142]"
5	Enter	"[-1.57899588e-01  1.11816656e-02  6.12212941e-02 -3.24168801e-02
 -4.60305251e-03 -4.31983657e-02  1.67078916e-02 -4.35102209e-02
  1.56726763e-01 -9.27876160e-02  2.74602711e-01  1.70128904e-02
 -1.32237062e-01 -1.74095705e-01  4.99231145e-02  1.03092015e-01
 -1.92022219e-01 -9.60560441e-02 -5.25408536e-02 -8.14786106e-02
  4.19812649e-02 -9.06129926e-03 -2.32800636e-02  6.04686141e-02
 -2.18301713e-01 -3.56279552e-01 -6.73503354e-02 -1.53730750e-01
 -5.15842810e-03 -8.65864083e-02 -8.81183147e-03  1.01597160e-01
 -1.81959987e-01 -9.63711180e-03 -6.26666099e-02  8.02953914e-02
  1.45380516e-02  5.69873396e-03  1.57907203e-01  5.81974387e-02
 -1.25953287e-01 -5.41433282e-02 -1.56034585e-02  2.61909872e-01
  2.00083643e-01  5.55041898e-03  3.74704972e-02 -1.44838635e-03
  7.69648105e-02 -2.06704110e-01  2.57443916e-02  1.17574699e-01
  8.35967585e-02  3.01505290e-02  6.82845041e-02 -1.75384402e-01
 -2.07647234e-02  2.09911857e-02 -1.91888481e-01  5.35015203e-02
 -4.60744239e-02 -9.58109647e-02 -4.63801697e-02 -3.74094993e-02
  1.98848754e-01  1.00266121e-01 -1.04212716e-01 -8.77741128e-02
  1.27896458e-01 -1.55561194e-01 -1.24241151e-02  3.61321382e-02
 -1.24764279e-01 -2.27063522e-01 -3.21249396e-01  6.49856776e-02
  3.21311951e-01  1.48195222e-01 -2.18995437e-01  4.84338552e-02
 -9.58682150e-02 -6.62057474e-02  1.24200091e-01  8.50348920e-02
 -4.77809422e-02  6.10908493e-02 -9.67144072e-02  3.76867279e-02
  1.38008639e-01  3.51357944e-02 -2.68031638e-02  1.99615672e-01
 -5.79145327e-02  5.15258778e-03  4.32840027e-02 -4.07316014e-02
 -7.58510977e-02  2.49238908e-02 -7.63967112e-02 -1.15950592e-04
  3.15598659e-02 -1.06334798e-01 -2.40222551e-03  4.18384895e-02
 -1.64980263e-01  1.30369157e-01  2.31426079e-02 -1.99440420e-02
 -4.85039055e-02 -1.13170762e-02 -1.65191591e-01 -2.75487900e-02
  1.53315589e-01 -2.36533284e-01  1.67935714e-01  1.88228503e-01
  1.05102258e-02  2.23300233e-01  9.54048112e-02  7.06927851e-02
 -7.71022961e-02  2.06752773e-03 -1.32293522e-01  2.58070603e-02
  4.68585193e-02 -4.17141914e-02  9.71578807e-02  9.03980620e-03]"
6	Enter	"[-0.15755877  0.001289    0.05979075 -0.06654585 -0.01536208 -0.03457011
  0.00276855 -0.05727247  0.18203542 -0.10511648  0.27254012  0.00072536
 -0.14303137 -0.18054874  0.03999952  0.10826048 -0.1939227  -0.08100623
 -0.02917737 -0.075546    0.05933995  0.00857945  0.00238603  0.08307185
 -0.21912956 -0.37183914 -0.07623648 -0.15157905 -0.00743773 -0.0659885
 -0.00636994  0.12355401 -0.1972765  -0.01219101 -0.05462863  0.09629676
  0.04154751  0.01691533  0.16632123  0.06354884 -0.11059669 -0.05319205
 -0.0288389   0.24016157  0.16942364  0.00689328  0.04903398 -0.03336224
  0.07228245 -0.18589656  0.03204776  0.1359024   0.07407568  0.01705908
  0.05445401 -0.16915071 -0.02251796  0.02340897 -0.18956052  0.05591618
 -0.04519822 -0.07246974 -0.04227906 -0.04356645  0.18615124  0.07882946
 -0.10763668 -0.09990934  0.12637374 -0.1354294  -0.0095683   0.04822089
 -0.14929867 -0.21748805 -0.3243494   0.05464223  0.33886796  0.13799024
 -0.21988836  0.03573037 -0.13362268 -0.09223268  0.09560064  0.07645149
 -0.02921078  0.04872169 -0.08094161  0.07156434  0.13670361  0.02268205
 -0.01336971  0.22532868 -0.03874568  0.03599616  0.00619557 -0.03217039
 -0.0790519   0.04035636 -0.06858058  0.00957482  0.02298632 -0.0797822
  0.0092377   0.05501741 -0.19743602  0.13777632  0.0303933  -0.04953029
 -0.04382361  0.00437284 -0.18047395 -0.04023801  0.16550952 -0.23430419
  0.15808204  0.19929281  0.03998344  0.22332247  0.08424249  0.07521973
 -0.06145323 -0.01303903 -0.13092905  0.02828101  0.05151266 -0.04325784
  0.08079296  0.01417884]"
7	Enter	"[-1.08346403e-01  4.43036668e-02  9.74287689e-02 -2.13483218e-02
  2.32248995e-02 -2.92419922e-02  9.65455733e-03 -2.57248618e-02
  1.41952455e-01 -6.92599192e-02  2.58830398e-01  4.79828119e-02
 -1.88294202e-01 -1.73118606e-01  6.35521784e-02  1.11372128e-01
 -1.80479273e-01 -8.70103762e-02 -3.74758057e-02 -7.85020143e-02
  5.02752140e-02  3.27755921e-02  7.87458662e-03  4.02981117e-02
 -1.78473458e-01 -3.51548314e-01 -5.36962040e-02 -1.50664821e-01
  3.37294023e-03 -9.37946439e-02 -3.64500284e-02  5.70646450e-02
 -1.79580823e-01 -1.33619923e-02 -4.84197065e-02  1.09330371e-01
 -7.23934732e-03 -6.61372989e-02  1.51727140e-01  5.98865300e-02
 -9.64517817e-02 -6.68749437e-02 -5.21968976e-02  2.52051026e-01
  1.74612209e-01 -1.29520083e-02  6.05646074e-02 -2.72388943e-02
  7.77301267e-02 -2.32260540e-01  7.25205243e-02  9.67831686e-02
  9.74767730e-02  5.44919372e-02  5.28110713e-02 -2.01574311e-01
 -5.06523810e-03  1.88556481e-02 -2.19362050e-01  2.94638015e-02
 -2.59794351e-02 -7.49372095e-02 -5.64161651e-02 -5.84085695e-02
  1.96209714e-01  1.08233593e-01 -1.13471106e-01 -1.17981292e-01
  9.63939726e-02 -1.40902907e-01 -1.98139027e-02  5.61874136e-02
 -1.27642959e-01 -2.01218739e-01 -3.06813538e-01  9.66763496e-02
  3.28850210e-01  1.63723320e-01 -2.04769447e-01  1.96370259e-02
 -1.23322338e-01 -5.15370928e-02  9.72719640e-02  7.67278150e-02
 -3.55803818e-02  7.13400990e-02 -1.08688869e-01  7.40731582e-02
  1.09112002e-01  3.65963485e-03 -7.37672448e-02  1.77164495e-01
 -5.99207506e-02  4.97866683e-02  2.15867646e-02 -3.01408023e-02
 -6.87639862e-02  6.99225143e-02 -6.21051975e-02  5.44332433e-03
  6.32784665e-02 -8.64075720e-02  6.67126477e-03  6.50088117e-02
 -1.52418986e-01  1.36544883e-01  1.58686955e-02 -3.13641392e-02
  9.81470756e-03 -3.79800312e-02 -1.94232762e-01 -2.71497555e-02
  1.57693952e-01 -2.66905963e-01  1.78729653e-01  1.88655198e-01
  1.93499140e-02  2.13201076e-01  7.69437850e-02  9.17471722e-02
 -6.16774485e-02 -3.57000045e-02 -1.84997424e-01  2.62506697e-02
  6.78551570e-02  1.75802037e-04  9.02415961e-02  9.45757329e-03]"
8	Enter	"[-1.36191711e-01 -1.00326939e-02  8.58054087e-02 -4.05206680e-02
 -4.33379179e-03 -3.95525917e-02 -1.29918810e-02 -4.60398160e-02
  1.46515176e-01 -9.90699455e-02  2.74316877e-01  2.67907418e-02
 -1.50594935e-01 -1.59958720e-01  4.24272642e-02  1.15030244e-01
 -1.85732991e-01 -8.40041190e-02 -1.05533060e-02 -8.34831670e-02
  4.47188765e-02  1.21330181e-02  2.14744825e-04  5.25194891e-02
 -1.92216873e-01 -3.73630434e-01 -7.76474550e-02 -1.64240524e-01
 -1.64208319e-02 -5.62777668e-02 -2.51808167e-02  1.07844003e-01
 -1.62164271e-01  1.38779869e-02 -4.06721942e-02  9.04803276e-02
  1.93926357e-02 -8.58614594e-03  1.56817824e-01  6.47168830e-02
 -9.03220326e-02 -5.77525496e-02 -5.43168411e-02  2.43801996e-01
  1.64483503e-01  4.50334279e-03  5.76316006e-02 -2.02705339e-02
  6.32502362e-02 -2.17029616e-01  6.21713623e-02  9.66643170e-02
  9.88608003e-02  2.91626081e-02  6.26522675e-02 -1.90095916e-01
 -2.31474806e-02  8.40622000e-03 -1.79208457e-01  6.64620996e-02
 -5.30102029e-02 -1.01154864e-01 -4.61777113e-02 -5.93101457e-02
  2.20949709e-01  1.14850082e-01 -1.21204838e-01 -8.26313645e-02
  1.22250423e-01 -1.15010843e-01 -2.42693555e-02  2.08535381e-02
 -1.47073105e-01 -2.07162783e-01 -3.12692016e-01  7.86332488e-02
  3.24408531e-01  1.46394610e-01 -2.46076673e-01  1.11434339e-02
 -1.11098267e-01 -4.98526767e-02  1.05775081e-01  8.54248554e-02
 -3.85292582e-02  3.84762809e-02 -9.61509943e-02  4.66935970e-02
  1.22841537e-01 -4.02702577e-03 -5.45096397e-02  1.98976681e-01
 -7.22814649e-02  7.27406591e-02  1.72993466e-02 -3.39535140e-02
 -6.51176870e-02  3.72305140e-02 -6.48749322e-02  5.05857915e-03
  4.22329791e-02 -7.89688900e-02 -1.86309684e-04  6.67827427e-02
 -1.59557924e-01  1.22022137e-01  6.91374717e-03 -4.05524336e-02
 -1.98459513e-02 -8.45106435e-04 -1.81530252e-01 -3.67431976e-02
  1.55469283e-01 -2.34239891e-01  1.80827051e-01  1.96955025e-01
  3.82367298e-02  2.34389678e-01  7.77038112e-02  6.88506961e-02
 -7.16469139e-02 -2.51242556e-02 -1.57489046e-01  3.22478339e-02
  6.26991987e-02 -1.36257652e-02  6.41377941e-02  2.14128848e-02]"
9	Enter	"[-0.12875171 -0.02450441  0.0662403  -0.06464876 -0.01338345 -0.01393442
 -0.02170755 -0.05290633  0.16670799 -0.10699403  0.25549188  0.02996111
 -0.1510253  -0.14599186  0.05448441  0.0996139  -0.18477441 -0.09148914
 -0.00771065 -0.08752462  0.04662046  0.02325417  0.00552612  0.07210711
 -0.2173458  -0.36480612 -0.08090881 -0.1649279  -0.00068786 -0.05620469
 -0.03034049  0.0833846  -0.18457031  0.02276197 -0.04305894  0.0898349
  0.00860825 -0.03420013  0.14358127  0.08455061 -0.09429092 -0.08022464
 -0.05845366  0.20982036  0.15912031  0.00292644  0.05137908 -0.02659121
  0.06237585 -0.21696144  0.0457128   0.10556556  0.08531868  0.03314108
  0.05967334 -0.20009847 -0.00896752  0.01886348 -0.17711483  0.05598754
 -0.07531988 -0.07463413 -0.02433671 -0.03823222  0.22061573  0.10782366
 -0.11363986 -0.0869764   0.10141457 -0.11589155 -0.02073272  0.04142874
 -0.14206553 -0.21602611 -0.30775815  0.06520505  0.3276639   0.14693685
 -0.22529009  0.01377447 -0.13106686 -0.05397579  0.09696893  0.06189214
 -0.05365206  0.04173554 -0.09808689  0.05209553  0.13653773 -0.00357345
 -0.03697092  0.20886682 -0.07382846  0.0804113   0.01420353 -0.01978243
 -0.08613838  0.04223796 -0.04147272 -0.00830073  0.0491916  -0.0625096
  0.01694105  0.07841848 -0.18447416  0.11951631  0.01289962 -0.06722775
 -0.01694371 -0.00242875 -0.19108832 -0.04634859  0.15295091 -0.24901466
  0.16345078  0.20490575  0.04379347  0.23709629  0.07979202  0.05358143
 -0.08274966 -0.02403429 -0.14545619  0.04280238  0.06150428 -0.01852824
  0.05340369  0.00885353]"
10	Enter	"[-0.12773353 -0.02465029  0.07940222 -0.07082064 -0.02265804 -0.00803079
 -0.02276234 -0.05137105  0.15374969 -0.11285545  0.25836968  0.03561034
 -0.15581828 -0.14190663  0.04277186  0.1025181  -0.17210732 -0.09246201
 -0.00341212 -0.06837051  0.04941117  0.02113336  0.00304199  0.06007612
 -0.21303956 -0.37553263 -0.08283955 -0.14004397 -0.03267541 -0.04625771
 -0.02570206  0.11014245 -0.17980842  0.0264075  -0.04472585  0.09511209
  0.00839742 -0.02163503  0.13974655  0.08664895 -0.09905169 -0.06832599
 -0.04620447  0.22363509  0.16410166  0.00295652  0.0491778  -0.02284683
  0.06017367 -0.22013476  0.04225012  0.10367607  0.07954335  0.02568309
  0.06494549 -0.18586241 -0.00116672  0.01799896 -0.17854066  0.05363493
 -0.08525421 -0.08833699 -0.0228458  -0.05319659  0.20904914  0.10822118
 -0.10331091 -0.09161888  0.10541719 -0.11697382 -0.02758181  0.03489025
 -0.1501216  -0.21550766 -0.31014973  0.05576751  0.31509614  0.14922854
 -0.23029622  0.0223822  -0.10861559 -0.06443281  0.10328545  0.06735882
 -0.03965811  0.04095955 -0.10011962  0.0469453   0.14709668 -0.00330443
 -0.03669825  0.22159895 -0.06523001  0.06794578  0.02650444 -0.02543038
 -0.07953874  0.04699126 -0.06705672 -0.00861869  0.0348343  -0.07562018
  0.00852891  0.07802413 -0.18689398  0.11711496  0.00547224 -0.0559831
 -0.01630196 -0.01131607 -0.1922863  -0.0508112   0.15210648 -0.23966536
  0.14966206  0.20313786  0.04001378  0.22782169  0.08525054  0.05394768
 -0.08123948 -0.02087677 -0.14714807  0.0418235   0.06510476 -0.02408495
  0.05368388  0.0141265 ]"
11	Enter	"[-0.15007076 -0.0051848   0.09644333 -0.06687314 -0.01935822 -0.01951375
 -0.02475433 -0.05193844  0.14933802 -0.11881173  0.27966461  0.02672464
 -0.15482286 -0.15350722  0.04031766  0.10083994 -0.17915222 -0.0908151
 -0.01240061 -0.07255478  0.04005666  0.01910154 -0.00039189  0.061106
 -0.22455519 -0.3782053  -0.08832261 -0.15679863 -0.03253879 -0.05307649
 -0.02908749  0.10067196 -0.18789351  0.00932421 -0.05551256  0.10439855
  0.017407    0.00068201  0.12948732  0.08120468 -0.10031421 -0.05396328
 -0.03662465  0.23638493  0.16542041  0.0124073   0.04574611 -0.03061935
  0.04801713 -0.21958229  0.06056176  0.10234877  0.08455021  0.03276755
  0.05988596 -0.19960202 -0.01730607  0.01333572 -0.1716276   0.05686374
 -0.08154342 -0.08404741 -0.03853451 -0.04162271  0.21614423  0.12121936
 -0.10742944 -0.09295018  0.11647113 -0.11693776 -0.02300064  0.03875325
 -0.14667509 -0.20624202 -0.31745762  0.07796999  0.32564461  0.1403448
 -0.24069871  0.01999153 -0.1351999  -0.06668872  0.0871981   0.06941198
 -0.04071393  0.04438079 -0.09959118  0.05380019  0.13364494 -0.00744883
 -0.02523249  0.2168363  -0.05793396  0.06113662  0.03401808 -0.02508801
 -0.0991688   0.03442429 -0.08190539 -0.0242479   0.04302789 -0.0731635
 -0.00583551  0.07299441 -0.19345695  0.12378968  0.02146685 -0.07431178
 -0.01277827 -0.00368711 -0.17840391 -0.06144409  0.16222614 -0.23429568
  0.16210772  0.20509769  0.03998204  0.2435737   0.1053331   0.06279314
 -0.07913628 -0.01520315 -0.1369033   0.0398548   0.06605286 -0.02526933
  0.0546052   0.0137639 ]"
12	Enter	"[-1.27372131e-01  3.54033895e-03  1.08761698e-01 -3.89532410e-02
  1.29487403e-02 -3.96747775e-02  1.23551115e-04 -2.03794315e-02
  1.41795680e-01 -8.77534822e-02  2.76787609e-01  4.57492322e-02
 -1.60652593e-01 -1.67089269e-01  6.66094646e-02  1.16522804e-01
 -1.97022781e-01 -8.51515606e-02 -1.36699555e-02 -8.40720087e-02
  4.37301882e-02  7.74053577e-03 -8.06682650e-03  4.99117225e-02
 -2.00637251e-01 -3.53686035e-01 -5.91173023e-02 -1.68181032e-01
 -4.39093355e-03 -8.20319206e-02 -2.39957869e-02  9.29045901e-02
 -1.90300971e-01  4.48986515e-03 -5.31583466e-02  8.50491226e-02
  2.25577559e-02 -3.50422636e-02  1.47833690e-01  5.57645261e-02
 -9.17384028e-02 -5.26653230e-02 -5.58645390e-02  2.39373997e-01
  1.46501213e-01 -2.67450009e-02  6.67760968e-02 -7.45147374e-03
  5.98606020e-02 -2.21931949e-01  5.64038903e-02  9.47948098e-02
  9.00301710e-02  3.63754816e-02  4.75483574e-02 -2.01332465e-01
 -1.36835435e-02  2.00512037e-02 -1.96349487e-01  6.59867674e-02
 -3.63992564e-02 -8.21727216e-02 -5.88868335e-02 -5.09800017e-02
  2.10410655e-01  1.07590906e-01 -1.24318421e-01 -1.03117399e-01
  1.08020447e-01 -9.83451605e-02 -9.94977076e-03  3.72454152e-02
 -1.40175894e-01 -1.96408316e-01 -2.95716673e-01  9.00030285e-02
  3.11981857e-01  1.40165418e-01 -2.35826686e-01  2.89360620e-02
 -1.54298335e-01 -5.17920442e-02  7.81519413e-02  7.08883181e-02
 -3.08482330e-02  6.79440498e-02 -9.56899375e-02  7.54931942e-02
  1.07237130e-01  2.11525783e-02 -3.94752286e-02  1.97473779e-01
 -6.54507577e-02  4.29291055e-02  8.22567847e-03 -3.85144912e-02
 -7.49125779e-02  3.71926762e-02 -6.10879809e-02 -5.36232209e-03
  4.76960950e-02 -8.79108906e-02 -4.95584263e-03  7.56589398e-02
 -1.80367738e-01  1.35010511e-01  1.71980169e-02 -3.30376476e-02
 -2.47170590e-03  3.45407380e-03 -1.74247831e-01 -2.80476827e-02
  1.42489269e-01 -2.53572792e-01  1.80124223e-01  1.95501000e-01
  4.23511937e-02  2.14749724e-01  7.46540055e-02  6.52245134e-02
 -7.32273310e-02 -3.49776372e-02 -1.75264403e-01  3.45283188e-02
  6.36747777e-02 -1.75019447e-02  6.83537200e-02  1.76565740e-02]"
13	Enter	"[-0.1401803  -0.0073732   0.0843555  -0.06261603 -0.00786966 -0.01368497
 -0.030029   -0.04502309  0.16333917 -0.10302028  0.28314024  0.03682166
 -0.15727484 -0.16773471  0.02983392  0.1088157  -0.17837062 -0.08585754
 -0.00512134 -0.07993698  0.06490431  0.01741309  0.00975173  0.07639069
 -0.2132486  -0.37727597 -0.08602864 -0.17126924 -0.00783008 -0.06794837
 -0.06627265  0.05445436 -0.20039468 -0.00311045 -0.06178856  0.08531233
  0.01984184 -0.03153794  0.12839919  0.08236032 -0.09256453 -0.0483981
 -0.05820967  0.23237316  0.16812947  0.01913739  0.05528018 -0.03748582
  0.05615409 -0.20560074  0.07024296  0.10858326  0.09095825  0.02512705
  0.02746125 -0.19187996 -0.03389955  0.02503859 -0.17544998  0.05731
 -0.05926302 -0.05998107 -0.042122   -0.05239908  0.20524359  0.11467657
 -0.12437066 -0.0918283   0.1032861  -0.11098692 -0.00904506  0.01633818
 -0.1552332  -0.22017571 -0.29835102  0.09041479  0.34105283  0.15103531
 -0.23226479  0.01032623 -0.17100796 -0.0517028   0.08341261  0.05037785
 -0.03070064  0.04521028 -0.10905369  0.06945723  0.13140821 -0.01395824
 -0.01861248  0.21529245 -0.06494863  0.06842185  0.00650516 -0.00186346
 -0.10960539  0.06755741 -0.06140552 -0.0046742   0.03842625 -0.05822521
  0.01445545  0.06453348 -0.19038847  0.12836985  0.03393738 -0.06394089
 -0.00207044 -0.00734386 -0.1996686  -0.06421277  0.1519087  -0.22505751
  0.16931622  0.21051417  0.07774912  0.24744162  0.10706708  0.06311218
 -0.0670829  -0.03714548 -0.16279979  0.04264919  0.06901515 -0.01520477
  0.06835803  0.01725171]"
14	Enter	"[-0.13946575 -0.01070742  0.04345709 -0.0567111   0.01312563 -0.01760686
  0.01316098 -0.07896921  0.16052017 -0.08739245  0.27552003  0.04277897
 -0.15310799 -0.18825673  0.05319721  0.08139861 -0.15531011 -0.1107569
 -0.03936048 -0.12104532  0.05451393  0.01157416  0.00276321  0.08533321
 -0.20620379 -0.35820028 -0.09464247 -0.19889644  0.02261526 -0.09570463
 -0.03862252  0.06752974 -0.15590483  0.01320845 -0.06931132  0.04414002
  0.02252771 -0.04126554  0.14357737  0.06471673 -0.10527337 -0.06810301
 -0.03401622  0.22818889  0.1875799  -0.02079816  0.05969104 -0.00577159
  0.06134896 -0.20459971  0.0466411   0.08828999  0.12153717  0.03254031
  0.04705754 -0.20129798 -0.05450494  0.00643021 -0.18466488  0.06948843
 -0.06395939 -0.08887069 -0.08164535 -0.0425532   0.19213459  0.12339108
 -0.14338988 -0.0903216   0.10937481 -0.15270339 -0.00856378  0.04470444
 -0.14348327 -0.22501394 -0.27796581  0.11392929  0.34709266  0.16191138
 -0.23123327  0.00906828 -0.15318558 -0.02822772  0.07502425  0.05358343
 -0.06750458  0.04252014 -0.11055349  0.03483517  0.1097336   0.01240862
 -0.03871316  0.2146216  -0.07264062  0.0793667   0.02308111  0.02599153
 -0.09443469  0.04195208 -0.02991157  0.01319507  0.0377526  -0.08885683
  0.01997351  0.05043013 -0.15272729  0.15208131  0.0222852  -0.03892029
 -0.01563653  0.00377196 -0.16029467 -0.05360125  0.1409637  -0.24460746
  0.13572209  0.20784456  0.06186352  0.24906057  0.08383917  0.07146322
 -0.07094976 -0.02841247 -0.15614618  0.04131825  0.06250638 -0.03331136
  0.03241137  0.00615959]"
15	Enter	"[-1.44592926e-01 -7.27804657e-03  7.00105876e-02 -4.08379175e-02
  3.65385227e-03 -1.32526364e-02 -7.07910396e-03 -6.53808117e-02
  1.65763333e-01 -6.87681362e-02  2.65883446e-01  1.87367667e-02
 -1.39958441e-01 -1.86962321e-01  7.44227841e-02  8.18307623e-02
 -1.62104100e-01 -7.97647759e-02 -2.01678816e-02 -1.08636104e-01
  5.74285276e-02  1.77003257e-02  1.99236106e-02  6.53024241e-02
 -2.13423342e-01 -3.72265011e-01 -9.43534076e-02 -1.82587400e-01
  3.73442508e-02 -5.27630001e-02 -6.97539002e-02  8.68071467e-02
 -1.84368283e-01 -1.80417672e-04 -6.33107200e-02  1.01278692e-01
  1.95789635e-02 -4.89704348e-02  1.12556867e-01  4.74466421e-02
 -8.76961052e-02 -7.15006813e-02 -5.01042530e-02  2.13373795e-01
  1.78796500e-01 -3.34929824e-02  6.52850494e-02 -1.06825577e-02
  4.90392596e-02 -1.89192966e-01  4.26712409e-02  1.03038423e-01
  1.10655285e-01  3.21959183e-02  4.27176058e-02 -1.91776648e-01
 -2.53635496e-02  7.60540180e-03 -1.64398551e-01  5.03914878e-02
 -5.04664592e-02 -7.38200098e-02 -7.88384676e-02 -4.24439982e-02
  2.18017325e-01  1.33195281e-01 -1.21849760e-01 -9.26641747e-02
  1.10931680e-01 -1.12409286e-01  3.54988966e-03  3.76765281e-02
 -1.62376300e-01 -2.13305369e-01 -2.87820369e-01  9.80778039e-02
  3.51497501e-01  1.29654258e-01 -2.61144310e-01  2.74525993e-02
 -1.64515555e-01 -1.86434817e-02  9.41743329e-02  6.81897327e-02
 -6.12705350e-02  7.36007839e-02 -1.27811685e-01  5.68861701e-02
  1.22664317e-01 -1.35533931e-02 -2.18328163e-02  2.15460777e-01
 -4.35521789e-02  8.54375511e-02  3.78118344e-02 -6.23580394e-03
 -6.39643222e-02  2.86321789e-02 -5.65538295e-02  2.75389757e-03
  6.88729584e-02 -9.63501185e-02 -2.93701328e-03  5.79376221e-02
 -1.74416721e-01  1.46525294e-01  5.54734170e-02 -3.71747911e-02
  8.91462248e-03 -3.36353853e-02 -1.54810041e-01 -4.60050628e-02
  1.59512475e-01 -2.48251036e-01  1.31077021e-01  1.91317782e-01
  5.41925281e-02  2.58851588e-01  7.61366561e-02  9.24316272e-02
 -7.83558860e-02 -2.90142130e-02 -1.50382489e-01  5.82291782e-02
  5.69930896e-02 -2.97621321e-02  1.21106859e-02  2.39812210e-02]"
16	Enter	"[-0.11028346 -0.00436229  0.06238025 -0.04071458  0.02575649 -0.03147741
 -0.0183463  -0.0682866   0.16361354 -0.09005897  0.26019382  0.01806563
 -0.12429959 -0.17587759  0.07538191  0.07769203 -0.15142938 -0.06978763
 -0.05325407 -0.08731477  0.03886781  0.0243188   0.03618057  0.04163253
 -0.17724927 -0.37726584 -0.10297424 -0.15923518  0.05766756 -0.05921233
 -0.06375588  0.06912525 -0.18015212  0.00653401 -0.06920355  0.08238432
  0.00325313 -0.05805556  0.14453065  0.0808167  -0.11267243 -0.07211713
 -0.06436229  0.21971337  0.192531   -0.04531885  0.06063977 -0.01891041
  0.05207686 -0.18222861  0.04213774  0.10836764  0.1189989   0.02780017
  0.05900766 -0.17952377 -0.01616285 -0.00245683 -0.16326341  0.05561867
 -0.03958844 -0.07211895 -0.06656549 -0.02551079  0.21182455  0.1251671
 -0.10725617 -0.09647288  0.12948762 -0.11438621  0.02342753  0.03901497
 -0.15365055 -0.22252341 -0.2770749   0.08579718  0.3308318   0.12438597
 -0.24991451  0.03448752 -0.15950164 -0.04139218  0.10465974  0.07686828
 -0.06213926  0.07561691 -0.1178491   0.05141701  0.13563351 -0.03020182
 -0.03071223  0.21006942 -0.05887963  0.06887041  0.0414731  -0.02412049
 -0.0656934   0.03348286 -0.06707539  0.00786912  0.0755785  -0.12450484
 -0.00413564  0.0546492  -0.16579624  0.13754335  0.06144095 -0.04760025
  0.02658105 -0.02389653 -0.16719665 -0.06807064  0.16784665 -0.22770871
  0.15190205  0.19010957  0.05615543  0.24111556  0.08767185  0.1101796
 -0.06764886 -0.01426833 -0.13750358  0.05520201  0.02850736 -0.00145068
  0.0085393   0.02413401]"
17	Enter	"[-0.10119957  0.00348463  0.07182809 -0.02835896 -0.00122073 -0.04935861
 -0.01929871 -0.07055397  0.14669584 -0.05114915  0.28168613  0.02868493
 -0.13538496 -0.18589725  0.07518821  0.10107294 -0.17983626 -0.07368666
 -0.04823738 -0.07273049  0.04906466  0.0139098   0.05694735  0.01848087
 -0.16371147 -0.39155495 -0.08934115 -0.1983749   0.06142105 -0.073442
 -0.04025372  0.04706519 -0.18953119 -0.00841429 -0.04958801  0.03910094
  0.00679308 -0.07930221  0.16388135  0.03466754 -0.13535208 -0.08080188
 -0.04067013  0.20216733  0.18459542 -0.04593097  0.08246143 -0.03132131
  0.05790891 -0.16047448  0.06666049  0.08950324  0.12987366  0.0242296
  0.04232848 -0.16493551  0.00411507  0.01758319 -0.19651088  0.04276201
  0.01153559 -0.0427236  -0.07350753 -0.01929359  0.22224981  0.10176707
 -0.11774962 -0.09692597  0.07417521 -0.11375136  0.01663951  0.0396159
 -0.17664242 -0.22540954 -0.30299789  0.06553029  0.34961227  0.10196144
 -0.25058612  0.01339979 -0.15071191 -0.03366871  0.11229982  0.06966195
 -0.06431387  0.07819896 -0.11957763  0.05457525  0.14308083 -0.03971683
 -0.04366261  0.19624703 -0.06360366  0.04187202  0.02172714 -0.01339986
 -0.04011475  0.02580972 -0.04935219  0.00747606  0.06352843 -0.10043089
 -0.0183529   0.04911871 -0.17716341  0.11406478  0.05575318 -0.03511145
  0.01769854 -0.04879571 -0.16557734 -0.07676776  0.15943405 -0.21620129
  0.16603538  0.19419794  0.06451945  0.22212467  0.06629435  0.08590901
 -0.08560865 -0.02131334 -0.15235551  0.06143403  0.05957047  0.00301516
  0.05527652  0.00501249]"
18	Enter	"[-0.10217637  0.00502021  0.0768628  -0.03286009  0.0136907  -0.08165554
 -0.00620699 -0.04516912  0.15850848 -0.09795292  0.28942308  0.01119461
 -0.13725215 -0.16072334  0.07243244  0.10104154 -0.18228623 -0.06284189
 -0.04017727 -0.05980037  0.07168984  0.04612848  0.02366338  0.02751455
 -0.14689015 -0.3830933  -0.0966667  -0.16342519  0.05733669 -0.07958945
 -0.03453112  0.05906107 -0.20099971 -0.02918267 -0.04577539  0.04797196
  0.03065681 -0.03966131  0.15831849  0.07611479 -0.12528443 -0.10273134
 -0.0359851   0.22977175  0.17726409 -0.02141778  0.05225042 -0.03792212
  0.04374449 -0.17451422  0.05164101  0.07418434  0.13436082  0.04061751
  0.05316598 -0.17214896 -0.00670256  0.01430249 -0.20736718  0.06443425
  0.00421914 -0.07337791 -0.05661859 -0.01093656  0.23158889  0.07924877
 -0.10079785 -0.1062993   0.10215147 -0.13407427 -0.00253652  0.0399681
 -0.12974089 -0.20533207 -0.30207932  0.05246732  0.30507642  0.11083945
 -0.24080862  0.03916775 -0.14314519 -0.05907749  0.12055672  0.06623901
 -0.0394604   0.09580272 -0.10790474  0.05732898  0.14095064 -0.0330897
 -0.02483782  0.20995425 -0.09027156  0.03881736  0.03782606 -0.03379931
 -0.06243962  0.03051889 -0.06651267 -0.01123848  0.06550101 -0.11407833
 -0.0074351   0.05611809 -0.18539231  0.10636587  0.03187229 -0.05090458
  0.01154836 -0.03484296 -0.17589538 -0.07530525  0.15919118 -0.21538821
  0.18274656  0.18259215  0.02897443  0.2265691   0.06554853  0.09814465
 -0.07486204 -0.03249195 -0.14432745  0.0494271   0.05241124  0.00717787
  0.06852522 -0.00362052]"
19	Enter	"[-0.13358897 -0.00178898  0.08161718 -0.04359746  0.01152705 -0.05813252
 -0.00871826 -0.06155734  0.14548346 -0.10006575  0.29079232  0.00946724
 -0.15005299 -0.1602025   0.05897297  0.10339595 -0.18710124 -0.07833824
 -0.01877025 -0.07638626  0.05548937  0.02050903  0.01835568  0.05406475
 -0.19533716 -0.37132862 -0.08660892 -0.17249198  0.02669509 -0.080147
 -0.06170741  0.07394834 -0.20961405 -0.01513765 -0.05083148  0.06653504
  0.02854029 -0.03204351  0.141158    0.07727394 -0.10799614 -0.07404646
 -0.04119083  0.24032535  0.17131129 -0.01047351  0.04750674 -0.0463734
  0.03849795 -0.19783837  0.06387388  0.07736349  0.12319172  0.025038
  0.04107265 -0.20015034 -0.01574191 -0.00105426 -0.20750055  0.06850559
 -0.01825938 -0.06584702 -0.04264354 -0.02910753  0.23718934  0.10115217
 -0.12199683 -0.07182727  0.11319259 -0.11227529  0.01616396  0.03042119
 -0.13000806 -0.23257758 -0.30287269  0.07821758  0.31376806  0.13759676
 -0.24885659  0.02835238 -0.15698333 -0.0558182   0.11066879  0.06875018
 -0.04791273  0.07934391 -0.09962794  0.07149097  0.13265987 -0.01567249
 -0.0298823   0.2155727  -0.0781242   0.04124062  0.03623493 -0.01734037
 -0.08825552  0.03035133 -0.07828555 -0.00237435  0.03436574 -0.09993564
 -0.00682266  0.07047379 -0.18746133  0.11241401  0.03831236 -0.08055502
 -0.0140532  -0.0317536  -0.17701878 -0.06729899  0.14061812 -0.24791427
  0.17182396  0.19744283  0.05755871  0.24877569  0.07546864  0.06676458
 -0.0627813  -0.03250049 -0.14430381  0.05241105  0.07753958 -0.01796624
  0.07505015  0.00900549]"
